Workbook

Sheet 📊 Dashboard
A1: 🚀 AI Travel Planner — Project Tracker
A2: Last Updated: (enter date)
A4: Total Features | C4: ✅ Done | E4: 🔄 In Progress | G4: 📋 To Do | I4: 🚫 Blocked
A6: =COUNTA('🗂 Feature Tracker'!A3:A200)-COUNTIF('🗂 Feature Tracker'!A3:A200,"") -> -130 | C6: =COUNTIF('🗂 Feature Tracker'!D3:D200,"Done") -> 3 | E6: =COUNTIF('🗂 Feature Tracker'!D3:D200,"In Progress") -> 4 | G6: =COUNTIF('🗂 Feature Tracker'!D3:D200,"To Do") -> 27 | I6: =COUNTIF('🗂 Feature Tracker'!D3:D200,"Blocked") -> 0
A9: Overall Progress | C9: =IFERROR(COUNTIF('🗂 Feature Tracker'!D3:D200,"Done")/COUNTA('🗂 Feature Tracker'!A3:A200),0) -> 0.088235294 | I9: % Complete
A11: Module / Category | B11: Total Tasks | C11: Done | D11: In Progress | E11: To Do | F11: Blocked | G11: % Complete | H11: Notes
A12: Frontend & UI | B12: =COUNTIF('🗂 Feature Tracker'!C3:C200,A12) -> 7 | C12: =COUNTIFS('🗂 Feature Tracker'!C3:C200,A12,'🗂 Feature Tracker'!D3:D200,"Done") -> 2 | D12: =COUNTIFS('🗂 Feature Tracker'!C3:C200,A12,'🗂 Feature Tracker'!D3:D200,"In Progress") -> 2 | E12: =COUNTIFS('🗂 Feature Tracker'!C3:C200,A12,'🗂 Feature Tracker'!D3:D200,"To Do") -> 3 | F12: =COUNTIFS('🗂 Feature Tracker'!C3:C200,A12,'🗂 Feature Tracker'!D3:D200,"Blocked") -> 0 | G12: =IFERROR(C12/B12,0) -> 0.28571429
A13: AI & NLP (LLM) | B13: =COUNTIF('🗂 Feature Tracker'!C3:C200,A13) -> 6 | C13: =COUNTIFS('🗂 Feature Tracker'!C3:C200,A13,'🗂 Feature Tracker'!D3:D200,"Done") -> 1 | D13: =COUNTIFS('🗂 Feature Tracker'!C3:C200,A13,'🗂 Feature Tracker'!D3:D200,"In Progress") -> 2 | E13: =COUNTIFS('🗂 Feature Tracker'!C3:C200,A13,'🗂 Feature Tracker'!D3:D200,"To Do") -> 3 | F13: =COUNTIFS('🗂 Feature Tracker'!C3:C200,A13,'🗂 Feature Tracker'!D3:D200,"Blocked") -> 0 | G13: =IFERROR(C13/B13,0) -> 0.16666667
A14: Maps & Places API | B14: =COUNTIF('🗂 Feature Tracker'!C3:C200,A14) -> 4 | C14: =COUNTIFS('🗂 Feature Tracker'!C3:C200,A14,'🗂 Feature Tracker'!D3:D200,"Done") -> 0 | D14: =COUNTIFS('🗂 Feature Tracker'!C3:C200,A14,'🗂 Feature Tracker'!D3:D200,"In Progress") -> 0 | E14: =COUNTIFS('🗂 Feature Tracker'!C3:C200,A14,'🗂 Feature Tracker'!D3:D200,"To Do") -> 4 | F14: =COUNTIFS('🗂 Feature Tracker'!C3:C200,A14,'🗂 Feature Tracker'!D3:D200,"Blocked") -> 0 | G14: =IFERROR(C14/B14,0) -> 0
A15: Database & Auth | B15: =COUNTIF('🗂 Feature Tracker'!C3:C200,A15) -> 5 | C15: =COUNTIFS('🗂 Feature Tracker'!C3:C200,A15,'🗂 Feature Tracker'!D3:D200,"Done") -> 0 | D15: =COUNTIFS('🗂 Feature Tracker'!C3:C200,A15,'🗂 Feature Tracker'!D3:D200,"In Progress") -> 0 | E15: =COUNTIFS('🗂 Feature Tracker'!C3:C200,A15,'🗂 Feature Tracker'!D3:D200,"To Do") -> 5 | F15: =COUNTIFS('🗂 Feature Tracker'!C3:C200,A15,'🗂 Feature Tracker'!D3:D200,"Blocked") -> 0 | G15: =IFERROR(C15/B15,0) -> 0
A16: Weather & Reviews API | B16: =COUNTIF('🗂 Feature Tracker'!C3:C200,A16) -> 4 | C16: =COUNTIFS('🗂 Feature Tracker'!C3:C200,A16,'🗂 Feature Tracker'!D3:D200,"Done") -> 0 | D16: =COUNTIFS('🗂 Feature Tracker'!C3:C200,A16,'🗂 Feature Tracker'!D3:D200,"In Progress") -> 0 | E16: =COUNTIFS('🗂 Feature Tracker'!C3:C200,A16,'🗂 Feature Tracker'!D3:D200,"To Do") -> 4 | F16: =COUNTIFS('🗂 Feature Tracker'!C3:C200,A16,'🗂 Feature Tracker'!D3:D200,"Blocked") -> 0 | G16: =IFERROR(C16/B16,0) -> 0
A17: Hosting & DevOps | B17: =COUNTIF('🗂 Feature Tracker'!C3:C200,A17) -> 3 | C17: =COUNTIFS('🗂 Feature Tracker'!C3:C200,A17,'🗂 Feature Tracker'!D3:D200,"Done") -> 0 | D17: =COUNTIFS('🗂 Feature Tracker'!C3:C200,A17,'🗂 Feature Tracker'!D3:D200,"In Progress") -> 0 | E17: =COUNTIFS('🗂 Feature Tracker'!C3:C200,A17,'🗂 Feature Tracker'!D3:D200,"To Do") -> 3 | F17: =COUNTIFS('🗂 Feature Tracker'!C3:C200,A17,'🗂 Feature Tracker'!D3:D200,"Blocked") -> 0 | G17: =IFERROR(C17/B17,0) -> 0
A18: Testing & QA | B18: =COUNTIF('🗂 Feature Tracker'!C3:C200,A18) -> 3 | C18: =COUNTIFS('🗂 Feature Tracker'!C3:C200,A18,'🗂 Feature Tracker'!D3:D200,"Done") -> 0 | D18: =COUNTIFS('🗂 Feature Tracker'!C3:C200,A18,'🗂 Feature Tracker'!D3:D200,"In Progress") -> 0 | E18: =COUNTIFS('🗂 Feature Tracker'!C3:C200,A18,'🗂 Feature Tracker'!D3:D200,"To Do") -> 3 | F18: =COUNTIFS('🗂 Feature Tracker'!C3:C200,A18,'🗂 Feature Tracker'!D3:D200,"Blocked") -> 0 | G18: =IFERROR(C18/B18,0) -> 0
A19: Documentation | B19: =COUNTIF('🗂 Feature Tracker'!C3:C200,A19) -> 2 | C19: =COUNTIFS('🗂 Feature Tracker'!C3:C200,A19,'🗂 Feature Tracker'!D3:D200,"Done") -> 0 | D19: =COUNTIFS('🗂 Feature Tracker'!C3:C200,A19,'🗂 Feature Tracker'!D3:D200,"In Progress") -> 0 | E19: =COUNTIFS('🗂 Feature Tracker'!C3:C200,A19,'🗂 Feature Tracker'!D3:D200,"To Do") -> 2 | F19: =COUNTIFS('🗂 Feature Tracker'!C3:C200,A19,'🗂 Feature Tracker'!D3:D200,"Blocked") -> 0 | G19: =IFERROR(C19/B19,0) -> 0

Sheet 🗂 Feature Tracker
A1: 🗂 Feature & Task Tracker
A2: # | B2: Feature / Task | C2: Module | D2: Status | E2: Priority | F2: Start Date | G2: Target Date | H2: Actual Done | I2: Effort (hrs) | J2: Notes | K2: Assignee | L2: Last Updated
A3: 1 | B3: Set up Next.js project with App Router | C3: Frontend & UI | D3: Done | E3: High | I3: 4 | K3: You
A4: 2 | B4: Configure Tailwind CSS | C4: Frontend & UI | D4: Done | E4: High | I4: 2 | K4: You
A5: 3 | B5: Add Framer Motion animations | C5: Frontend & UI | D5: In Progress | E5: Medium | I5: 6 | K5: You
A6: 4 | B6: Build trip input / prompt UI | C6: Frontend & UI | D6: In Progress | E6: High | I6: 8 | K6: You
A7: 5 | B7: Build itinerary display UI | C7: Frontend & UI | D7: To Do | E7: High | I7: 10 | K7: You
A8: 6 | B8: Implement Zustand state management | C8: Frontend & UI | D8: To Do | E8: Medium | I8: 4 | K8: You
A9: 7 | B9: Responsive mobile layout | C9: Frontend & UI | D9: To Do | E9: Medium | I9: 6 | K9: You
A10: 8 | B10: Integrate OpenAI / Claude API | C10: AI & NLP (LLM) | D10: In Progress | E10: High | I10: 10 | K10: You
A11: 9 | B11: Set up Vercel AI SDK streaming | C11: AI & NLP (LLM) | D11: To Do | E11: High | I11: 6 | K11: You
A12: 10 | B12: Design JSON schema for itinerary | C12: AI & NLP (LLM) | D12: Done | E12: High | I12: 3 | K12: You
A13: 11 | B13: Craft system prompt for itinerary gen | C13: AI & NLP (LLM) | D13: In Progress | E13: High | I13: 5 | K13: You
A14: 12 | B14: Build 'Chat with itinerary' feature | C14: AI & NLP (LLM) | D14: To Do | E14: High | I14: 12 | K14: You
... A36: 34 | B36: API docs / usage guide | C36: Documentation | D36: To Do | E36: Low | I36: 3 | K36: You

Sheet 📅 Sprint Log
A1: 📅 Weekly Sprint Log
A2: Sprint # | B2: Week Start | C2: Week End | D2: Goals / Tasks Planned | E2: Tasks Completed | F2: Blockers | G2: Outcome | H2: Notes
A3: 1
A4: 2
A5: 3
A6: 4
A7: 5
A8: 6
A9: 7
A10: 8
A11: 9
A12: 10
A13: 11
A14: 12

Sheet 🐛 Bugs & Issues
A1: 🐛 Bug & Issue Tracker
A2: # | B2: Title | C2: Module | D2: Severity | E2: Status | F2: Reported Date | G2: Steps to Reproduce | H2: Expected | I2: Actual | J2: Resolution / Notes
A3: 1
A4: 2
A5: 3
A6: 4
A7: 5
A8: 6
A9: 7
A10: 8
A11: 9
A12: 10
A13: 11
A14: 12
... A22: 20

Sheet 🔗 Resources
A1: 🔗 Tech Stack & Resources
A2: Category | B2: Tool / Service | C2: Purpose | D2: Docs / Link | E2: Notes
A3: Frontend | B3: Next.js | C3: App framework | D3: https://nextjs.org/docs | E3: Use App Router
A4: Frontend | B4: Tailwind CSS | C4: Styling | D4: https://tailwindcss.com/docs
A5: Frontend | B5: Framer Motion | C5: Animations | D5: https://www.framer.com/motion/ | E5: Premium feel micro-animations
A6: Frontend | B6: Zustand | C6: State management | D6: https://zustand-demo.pmnd.rs/
A7: AI / LLM | B7: OpenAI GPT-4o | C7: Main LLM | D7: https://platform.openai.com/docs | E7: Or Claude 3.5 Sonnet
A8: AI / LLM | B8: Anthropic Claude | C8: Alternative LLM | D8: https://docs.anthropic.com | E8: claude-3-5-sonnet
A9: AI / LLM | B9: Vercel AI SDK | C9: Streaming AI in Next.js | D9: https://sdk.vercel.ai/docs | E9: Handles tool calling too
A10: Maps | B10: Google Places API | C10: Places data & photos | D10: https://developers.google.com/maps/documentation/places | E10: Most comprehensive DB
A11: Maps | B11: Mapbox GL JS | C11: Map display | D11: https://docs.mapbox.com/mapbox-gl-js/ | E11: Custom map styles
A12: Maps | B12: Google Routes API | C12: Route optimization | D12: https://developers.google.com/maps/documentation/routes | E12: Travel time between stops
A13: Database | B13: Supabase | C13: PostgreSQL hosting | D13: https://supabase.com/docs | E13: Free tier available
A14: Database | B14: Prisma ORM | C14: DB queries (TypeScript) | D14: https://www.prisma.io/docs
A15: Auth | B15: Clerk | C15: User authentication | D15: https://clerk.com/docs | E15: Easy Google/Apple login
A16: External APIs | B16: WeatherAPI.com | C16: Weather data | D16: https://www.weatherapi.com/docs/ | E16: Feed into AI prompt
A17: External APIs | B17: TripAdvisor API | C17: Reviews | D17: https://tripadvisor-content-api.readme.io/
A18: External APIs | B18: Yelp Fusion API | C18: Reviews (alt) | D18: https://docs.developer.yelp.com/
A19: Hosting | B19: Vercel | C19: Deployment | D19: https://vercel.com/docs | E19: Auto scales with Next.js
